Text;Undergrad;Semester;Age;Company
Actualmente para las empresas, los científicos de datos tienen mayor protagonismo. Son los hombres y mujeres que encuentran los patrones ocultos en los datos para que las empresas puedan tomar decisiones estratégicas basadas en la inteligencia. Sin embargo, necesitan ayuda para llevar a cabo esta proeza. No pueden entregar estos valiosos conocimientos sin la ayuda de los ingenieros de datos. Estos personajes que trabajan y aseguran que la información esté allí para analizar. Estas personas ingeniosas y prácticas crean las bases para que los científicos de datos realicen modelos. Recopilan, almacenan y procesan datos para que los científicos de datos puedan analizarlos en busca de información. Los ingenieros de datos manejan los procedimientos, las reglas y los estándares, desarrollan tecnologías de gestión de datos y herramientas de ingeniería de software. Por otro lado, los científicos de datos están diseñando los modelos. Manejan proyectos analíticos que surgen de las necesidades de las organizaciones, también toman arquitecturas de minería de datos, estándares de modelado, metodologías de informes y datos. También administran el rendimiento y la eficiencia del sistema de minería de datos. Los datos no aparecen mágicamente en el computador del científico de datos. Los ingenieros de datos realizan el valioso trabajo de construir y mantener las bodegas de datos que envían información a los científicos de datos. Pueden ejecutar modelos de aprendizaje básicos si entienden algoritmos. Pero los científicos de datos abordan problemas de negocios que utilizan sofisticados algoritmos de aprendizaje automático. Los científicos de datos realmente exitosos adaptan los modelos de aprendizaje automático para cumplir con los requisitos cambiantes de las compañías. Los dos trabajos necesitan diferentes habilidades y experiencia. Algunos científicos de datos pueden hacer ingeniería de datos, sin embargo, lo más importante es delimitar sus responsabilidades para el éxito de la toma de decisiones gerenciales.;Administración de empresas;2;38;Interactivo contact center sa
Aunque los dos perfiles cuentan con habilidades que son comunes existen diferencias significativas entre el Data Scientist y el Data Engineer. El primero cuenta con una fuerte formación  en matemáticas y estadística para la construcción de modelos predictivos y prescriptivos mientras que el segundo se destaca por sus habilidades en programación, administración de grandes volúmenes de datos y sistemas distribuidos de información. Al hablar de responsabilidades el Data Engineer tiene que encargarse de desarrollar, construir y mantener arquitecturas para la adquisición preparación y distribución de los datos garantizando la confiabilidad, eficiencia y calidad de la información e ideando siempre nuevas y mejores formas para automatizar estas tareas utilizando la herramienta adecuada para cada actividad. En ese sentido el rol del Data Engineer es de servir de apoyo a todos los posibles clientes de esas fuentes de datos incluyendo a los Data Scientist. Por otro lado el Data Scientist se encarga de elaborar modelos y analizar la información para proporcionar al negocio información valiosa y hallazgos presentados de forma comprensible a todas las partes involucradas en la toma de decisiones. Aunque la programación no es la habilidad que caracteriza a este rol si debe hechas mano de lenguajes de programación especializado para poder abordar tareas de obtención de datos, limpieza y análisis. Tiene una fuerte habilidad en la elaboración de informes gráficos que permitan comunicar sus hallazgos.;Ingeniería de sistemas;2;34;Ecopetrol
Aunque un científico de datos y un ingeniero de datos tienen como fin generar valor a partir de la información, existen diferencias que los convierten en un complemento, más que en ejecutores de la misma tarea. Un ingeniero de datos es el encargado de dar orden a la información a partir de arquitecturas de datos, procesos automatizados de obtención, sistemas de almacenamiento y gestión de la información, limpieza de datos, generalmente su trabajo se asocia con la utilización de herramientas y lenguajes como Hadoop, SQL, web scraping, modelos relacionales y no relacionales de datos, etc. Un científico de datos, por su parte, se encarga de desarrollar e implementar modelos analíticos y algoritmos descriptivos y predictivos a partir de la información, de manera que a partir de estos análisis, se oriente la toma de decisiones de un negocio desde el conocimiento real de lo que los datos reflejen. El científico de datos implementa metodologías de machine learning (procesos supervisados y no supervisados), Deep learning, clustering, entre otros. Se puede decir, entonces, que el ingeniero de datos es el encargado de dar a la información la consistencia y estructura necesarios para que el científico de datos pueda generar tanto valor como sea posible.;Ingeniería electrónica;2;26;Everis Colombia
Cuando se habla de un Data Engineer, se considera que son personas que interactúan y manejan los datos desde las fuentes primarias de información, que contemplan la falta de información real dentro de una organización el desarrollo de sus competencias está enfocado hacia lo computacional, la programación, el almacenamiento de la información y la eficiencia y eficacia en su procesamiento. Desde un punto de vista más estricto, un científico de datos enfoca su conocimiento en el manejo, uso, y tratamiento de dichos datos que posteriormente se transformarán en el input para el diseño y modelamiento de procesos, que indiquen hacia donde deben ir dirigidas las acciones de una organización. La formación desde lo matemático y estadístico es lo que marca la diferencia ya que su enfoque consiste en la optimización del desempeño de los modelos implementados y no requiere de un conocimiento amplio en términos de hardware e infraestructura. El Data Engineer provee los elementos necesarios para que el científico en datos los procese y los convirta en un producto. En la vida cotidiana es importante que un científico de datos no se quede solo en el procesamiento de la información sino en adquirir las competencias necesarias para rastrear y obtener la información. A pesar de que todas las organizaciones consideran que tienen posesion de datos importantes y valiosos vale la pena tener en cuenta que en la mayoría de las ocasiones esto es una utopia, y desarrollar la competencia de recopilacion de la información se convierte en un valor agregado a la hora de considerarse un experto en el manejo de datos, que no solo limita su conocimiento a la transformación de datos en información, sino que dentro de su experticia aprende a conocer que los datos como tal son el eje central de su actividad.;Ingeniería industrial;2;29;Fundación universitaria de ciencias de la salud
Data Engineer vs Data Scientist A data Engineer is a support role in the Analytics Area, this person is highly trained in Data Architecture, so they set up all the infrastructure needed for operation in Data Analytics from data servers to final solutions. Data Engineers are more orientated to Develop and maintain infrastructures and architectures for data processing and generation. Data Engineer responsibilities are mainly the following: * Develop, construct, test and maintain architectures. * Ensure architecture will support the needs of the business. * Discover opportunities for data acquisition. * Recommend ways to improve data reliability, efficiency and quality. On the other hand, Data Scientists are more skilled in Statistics and mathematics so they are in charge of processing the data through Predictive and prescriptive analysis towards support business decisions and set new business questions. Data Scientists responsibilities are mainly the following: * Conduct research to answer industry and business questions. * Leverage large volumes of data from internal and external sources to answer those questions. * Employ sophisticated analytics programs, machine learning and statistical methods to prepare data for use in predictive and prescriptive modeling. * Explore and examine data to find hidden patterns. * Automate work through the use of predictive and prescriptive Analysis. * Tell stories to the Stakeholders based on the Analysis.;Ingeniería industrial;2;24;Havas media
Data Scientist y Data Engineer son dos profesiones enmarcadas en el análisis de datos, entendiéndose como la disciplina de abstraer información a partir de bases de datos o simplemente, data. Dicho esto, se debe de completar los dos grandes aspectos en los cuáles la analítica de datos se desarrolla. El análisis probabilístico de patrones y generaciones de modelos que ayudan a explicar dichos patrones. Por otro lado, las herramientas computacionales que hacen posible tener la infraestructura computacional requerida para el procesamiento de los datos. Si bien las dos carreras tienen elementos en común que hacen que comúnmente se confundan dichos términos, es de resaltar el énfasis de cada una: Data engineer: Su profundización o especialización se encuentra enmarcada en sus habilidades de programación en lenguajes como lo son Java, Scala, Python, SQL, MySQL, NoSQL entre otros. Esto debido a que su trabajo comúnmente está dirigido a realizar data pipelines y desarrollar sistemas distribuidos. Data Scientist: Si bien un data scientist tiene fuertes bases de programación, dichas bases han sido desarrolladas a partir de la necesidad cuando se han tenido que enfrentar a bases de datos para desarrollar modelos. En ese orden de ideas, un data scientist es aquella persona que cuenta con amplio conocimiento en matemática, probabilidad, analítica avanzada de datos, machine learning y artificial intelligence. Hay que reconocer que ambas profesiones comparten elementos para poder existir, tal que es un error común suponer que una sola persona puede realizar ambas labores cuando su nivel de profundización requieren diferentes personas. Un data scientist no puede trabajar aisladamente de un data engineer ya que requiere de la infraestructura provista por de el, y el trabajo de un data engineer no se verá explotado de una manera eficiente sin un data scientist que entienda el ambiente front end y back end.;Ingeniería eléctrica;2;25;Schlumberger surenco sa
Diferencia entre Data Engineer y Data Scientist: La creación eficiente de modelos no garantiza el resultado final de la información. Una información precisa y concisa es importante en las organizaciones para la toma de decisiones en todos los niveles organizacionales (estratégico, táctico y operativo). De aquí la importancia de la construcción, manejo y análisis de la información. Hoy por hoy hay dos ramas importantes que cogen cada vez más fuerza en las organizaciones, los Data scientist y los data engineer. Estos dos conceptos muchas veces son confundidos o en la mayoría de los casos se cree que las funciones desarrolladas por cada uno son las mismas. El trabajo de cada uno se complementa para obtener el resultado final pero el entregable por cada posición es diferente. El Data engineer se encarga de crear toda la infraestructura que sea la adecuada para el tipo de información que se va analizar. De igual manera se encarga de realizar el mantenimiento y el procesamiento de los datos. Estos datos sin limpieza, lo cual pueden presentar errores, campos vacíos y bases de datos de origen. La persona que desarrolla este trabajo debe tener conocimientos en software y hardware.  Mientras que el Data scientist se encarga de toda la limpieza de datos, desarrollando estadísticas predictivas y prescriptivas que permitan el descubrimiento de modelos, información oculta, confiabilidad de la información para ejercer los resultados a presentar a las organizaciones y lograr la toma de decisiones más asertiva para la organización. De igual manera se encarga de toda la parte de entregables finales para que sean agradables y fáciles de entender al cliente final.  La persona que desarrolla este trabajo debe tener conocimiento matemáticos y estadísticos. ;Ingeniería industrial;2;26;Meals de Colombia sas
Diferencia entre un Científico de Datos y un Ingeniero de Datos Luego de leer acerca de estas dos profesiones y de acuerdo a mi experiencia, la diferencia de estas profesiones esta en el grado de competencias que requiere o desarrolla en sus profesionales, en el foco que tiene dentro de la cadena de valor de generación de conocimiento y finalmente en el alcance de su labor, el Ingeniero estructra y diseña las bases computacionales de la informacion de tal manera que tener acceso a la información y sus derivados sea de una manera eficiente, metódica y práctica, mientras el científico de datos es capaz, a partir de la información de descubrir patrones, de realizar pronósticos o incluso a precribir acciones en las organizaciones con base en modelos de inteligencia Anaíitica. Ambas profesiones requieren y compartem competencias ya que las labores de los dos profesionales se deben mezclar y complementar en busca de un objetivo común que es dar a las organizaciones el conocimiento necesario para tomar las decisione adecuadas para maximizar el valor patrimonial de los accionistas. Como ambas carreras son clientes y proveedores de información entre si, la comunicación y el entendimiento de los alcances y expectativas de cado uno resultan claves. Analizando el diagrama de Venn propuesto por Drew Conway en 2010 el ingeniero de datos se ubica al lado izquierdo de la grafica pero no exclusivamente en uno de los conjuntos, mientras el Científico de Datos se ubica en la derecha (igualmente no exclusivamente en uno de los conjuntos), no existiendo un limite claro entre ellos pero ambos apalancados en conocimientos técnicos, el ingeniero en herramientas computacionales y el científico en matemáticas y estadística. ;Estadística;2;44;Comestibles ricos
Diferencia entre un científico de datos y un ingeniero de datos para empezar vamos a definir de forma breve que es un ingeniero de datos, es aquella persona capaz de ordenar los datos en forma cruda para posteriormente  generar algoritmo de programación orientados a un negocio en particular, también es capaz de administrar, conservar, generar seguridad, estructura la información de los datos y enfrentarse a la limpieza que por lo regular son errores de digitación o sino malas adquisición de ellos, para así generar  la calidad, eficacia y confiabilidad de los datos y así mismo cuando una compañía no tiene buenos datos, él debe ser el encargado de generar base de datos no estructurada y alimentar bien la data, los ingeniero de datos tienen buena habilidades computacionales y la herramienta más usadas por ellos son Hadoop, MapReduce, Hive, Pig, Data streaming, NoSQL, SQL y programación. Y usará herramientas como DashDB, MySQL, MongoDB y Cassandra . La definición de un científico de datos, es aquella persona que tiene una grandes habilidades en tres áreas del conocimiento como son: la matemática y estadística, la computación y la comunicación de los resultados, los científicos de datos se dedicaran a entender la información, procesarla para desarrollar programas analíticos y sistemas de aprendizaje automático (Machine Learning y Deep Learning), todo esto con el fin de que se satisfagan la necesidad del negocios. Los científicos de datos tienen buena habilidades computacionales y la herramienta más usadas por ellos Python, R, Scala, Apache Spark, Hadoop, machine learning, deep learning y estadística. La diferencia entre ellos es que el ingeniero de datos administra y mantiene los datos mientras los científicos de datos son los encargados de analizar los datos y entender el negocio pero ambas profesiones no solo comparten los datos, sino también parte de los lenguajes y herramientas de programación.;Estadística;2;31;Alcaldía de Santiago de Cali
Diferencias de un científico de datos y un ingeniero de datos El  ingeniero de datos y  el científicos de datos son dos roles dentro de un equipo de analitica que se complementan. Mientras el ingeniero está encargado de garantizar la arquitectura e infraestructura para el almacenamiento y procesamiento de grandes volumenes de datos, el científico se centra principalmente en analizarlos. Por ende el dominio y manejo de herramientas como las habilidades en cada rol es diferente pero muy relacionado, porque para analizar los datos requieres acceder a estos entonces deben estar disponibles, y si quieres transformarlos, debe haber un hardware y software que permita gestionarlos. La comunicación y el entendimiento como en todo equipo es fundamental y bidireccional, el  científico se apoya en el ingeniero quién debe recomendar y asegurar que los requerimientos y necesidades del negocio no presenten contratiempos por cuestiones tecnológicas y de flujo de datos  el científico con su expertis aplica técnicas estadísticas y de modelamiento con el soporte de herramientas para encontrar patrones e insights en la información, para luego realizar predicción y preescribir las recomendaciones ante diversos escenarios por lo que debe tener la capacidad de transmitir sus hallazgos a los involucrados en las toma de decisiones. Se ha presentado que tienden a confundirse los roles y se  ha visto que al ingeniero por tener un componente de cálculo y física se considere muy fuerte en las habilidades y comunicación  de  analítica de datos, igual con el científico es erróneo solicitarle que trace una ruta o mapa de cómo deberían estar estructurados los datos para su extracción, situación que no está de más que conozcan y desarrollen tanto el uno como el otro, pero que no es de su competencia ser experto. Finalmente, aunque son dos roles diferentes se hablan entre ellos lo que permite completar el ciclo de vida de los datos desde su extracción hasta su análisis y generación de conocimiento.;Ingeniería de sistemas;2;30;Banco caja social
Diferencias entre los científicos de datos y los ingenieros de datos. Es común confundir los roles dentro de un equipo de analítica y esto puede generar problemas a la hora de conformar los equipos. Por un lado, están los ingenieros de datos y por el otro están los científicos de datos. Ambos roles pueden compartir habilidades y conocimientos, sin embargo, el foco de cada rol tiene grandes diferencias. Los ingenieros de datos son los encargados de construir y mantener la infraestructura para el almacenamiento y procesamiento de los datos. Los científicos de datos, en cambio, se encargan de generar los modelos y análisis a partir de los datos, que posteriormente sirven como insumos para tomar decisiones y estrategias. Ambos roles trabajan de la mano, son necesarios para que todo el ciclo de la analítica se pueda dar en las condiciones adecuadas y óptimas. La falta de uno de los roles puede impedir que las tareas de equipo se completen de manera satisfactoria. Los ingenieros de datos proveen a los científicos de datos de las herramientas y los datos necesarios, además construyen infraestructuras escalables que permitan ejecutar los procesos de manera óptima. Los científicos de datos son quienes consumen toda la infraestructura construida por los ingenieros, como punto de partida para los análisis avanzados. La generación de los datos no se da de manera óptima sin el rol de los ingenieros y la analítica predictiva y avanzada puede quedarse corta sin el rol de los científicos de datos. Ambos roles se complementan y permiten que la analítica sea cada vez más rápida y avanzada.;Ingeniería industrial;2;27;El tiempo casa editorial
Diferencias entre un Científico de datos y un Ingeniero de Datos. En la actualidad se cuentan con grandes cantidades de datos que se almacenan constantemente y el valor que le damos en las organizaciones depende en gran medida de la preparación o capacitación que tiene el personal para hacerlo, la pregunta es, ¿Qué perfil debe tener un profesional para aprovechar los datos? La respuesta es, depende. Un ingeniero de datos, es aquel profesional que tiene las habilidades para escudriñar los datos y organizarlos de tal forma que puedan ser explotados por cualquiera en la compañía, sea para realizar informes o bien sea para realizar análisis de ellos. Un Científico de datos, es aquel que está en capacidad de aprovechar los datos basado en las ciencias de la computación, en las matemáticas y la estadística y, sobre todo, en el dominio y conocimiento del negocio de tal forma que puede crear modelos de datos que permiten realizar análisis descriptivo, predictivos y prescriptivos dándole verdadero valor a los datos y haciendo que se tomen las mejores decisiones posibles para el negocio, basados en esa información y en los modelos creados. Es decir, que un Científico de Datos, tiene las habilidades técnicas y de negocio que permiten a las compañías ser realmente Data Driven. Ahora bien, el profesional que requiere una organización para aprovechar los datos es, en primera medida un Ingeniero de datos y en segunda un científico de datos, que trabajan de la mano para dar valor a los datos y convertirlos en información. La diferencia básica entre ambos es que, el primero hace legible la información y el segundo crea modelos para tomar las mejores decisiones posibles. Depende a qué nivel de aprovechamiento de datos quiere llegar la empresa, de eso depende si tener a uno o a ambos en su plantilla de personal.;Ingeniería eléctrica;2;34;Codensa sa
Diferencias entre un científico de datos y un ingeniero de datos. Un científico de datos y un ingeniero de datos tienen ciertas habilidades en común, por ejemplo, poseen habilidades de programación. Sin embargo, las habilidades de programación de un ingeniero de datos están mucho más allá de las habilidades de programación de un científico de datos. Hacer que un científico de datos cree un flujo de datos está en el extremo más alejado de sus habilidades, pero es el pan de cada día de un ingeniero de datos. En general, existen varias diferencias entre un científico e ingeniero de datos. Un científico de datos puede organizar y almacenar gran cantidad de datos. Además, puede realizar análisis descriptivos, predictivos y prescriptivos, con el fin de resolver una necesidad de negocio y generar valor a la compañía. Dentro de sus áreas de conocimiento están las matemáticas, la estadística, la física, la investigación de operaciones y las ciencias de la computación. Un científico de datos es responsable de optimizar el rendimiento de un modelo de aprendizaje automático o estadístico. Los lenguajes que usualmente utiliza un científico de datos son Python, R, SAS, SPSS, Matlab, Julia, entre otros. También, de acuerdo a Glassdoor, los ingresos anuales de un científico de datos en Estados Unidos están entre 101 y 183 mil dólares, con un promedio de 140 mil dólares. Por su parte, un ingeniero de datos construye, desarrolla, prueba y mantiene arquitecturas, tales como bases de datos y sistemas de procesamiento de larga escala. También, dentro de sus responsabilidades están descubrir oportunidades para adquisición de datos, desarrollar procesos de unificación de bases de datos para modelamiento, minería y producción, y recomendar formas para mejorar la confianza, eficiencia y calidad de los datos. Un ingeniero de datos requiere conocimientos de programación, middleware y hardware. Además, es responsable del rendimiento óptimo de toda una tubería de datos. Los lenguajes, herramientas y softwares que frecuentemente utiliza un ingeniero de datos son SAP, ORACLE, MySQL, redis, riak, neo4j, mongoDB, Java, C, entre otros. Por último, de acuerdo a Glassdoor, los ingresos anuales de un ingeniero de datos en Estados Unidos están entre 123 y 170 mil dólares, con un promedio de 151 mil dólares.;Economía;2;27;Departamento nacional de planeación
Differences of a Data Scientist and a Data Engineer Las diferencias entre un científico de datos y un ingeniero de datos radican en el rol que juega cada uno a la hora de interactuar con los datos. Por un lado, los ingenieros de datos se encargan de la construcción, mantenimiento y ajustes de la infraestructura tecnológica en la cual se encuentran los datos. Mientras que los científicos de datos hacen uso de esa infraestructura, no solo para acceder a los datos, sino para poner en práctica modelos matemáticos avanzados para el análisis estadístico. Los científicos de datos interactúan constantemente con la infraestructura creada por los ingenieros de datos, sin embargo, no son responsables de la continua construcción ni mantenimiento de la infraestructura. Por el contrario, son quienes demandan los desarrollos y ajustes a los ingenieros. Tanto los científicos como los ingenieros de datos dependen el uno del otro, en la medida en que, sin la infraestructura y herramientas adecuadas para el análisis de los datos, los científicos no podrían realizar su trabajo ni avanzar en métodos ni modelos cada vez más sofisticados. Los mismo sucede con los ingenieros, quienes, sin la demanda por parte de los científicos sobre desarrollos en las herramientas adecuadas, por ejemplo, en lenguajes de programación, capacidad en almacenamiento y procesamiento o visualización de los datos, sería muy complejo y poco eficiente avanzar en la creación, mantenimiento y adecuación. De tal forma, es evidente que puede darse cierta confusión a la hora de diferenciar el papel de los científicos de datos y los ingenieros de datos. Sin embargo, el papel que cada uno juega en la visión de negocio de las organizaciones, define el campo de acción y los límites hasta donde interactúa cada uno con los datos.;Administración de empresas;2;25;Universidad de los andes
Dos de las principales razones por las que a partir de su nacimiento en 1991 haya tenido tanta acogida como lenguaje de programación es porque en primera instancia es un lenguaje de alto nivel muy fácil de usar y la segunda es que es de código libre. Ahora bien, lenguajes como R también poseen estas características, entonces que es lo que realmente hace a Python tan interesante. Python, es un lenguaje multipropósito, que no solo te va a permitir hacer proyectos de Datascience (como también lo hace R) sino que te va a permitir llevar a otro nivel el proyecto involucrando al creación de API´s y hasta softwares para la puesta en marcha de dicho proyecto, y es justo esta versatilidad de Python, aparte de las bondades que ofrece ser un lenguaje orientado a objetos y multiplataforma, la que le da mayor desenvolvimiento, practicidad y acogida en el mundo no solo de la analítica sino en general de todo el mundo tecnológico. Por otro lado, y no menos importante, con al creciente demanda de plataformas de BigData, llámese Hadoop, Python si que lleva la delantera ya que naturalmente puede programarse para procesarse en ambiente distribuido en todas sus vertientes, mientras que R tiene ciertas limitaciones ya que solo la librería sparklyr permite llevar a cabo este tipo de tareas de procesamiento en ambientes distribuido.;Economía;2;29;Bancamía
El duelo entre Data Engineer vs Data Scientist se puede simplificar a su principal foco, mientras los Data Scientist se centran en el análisis de los datos generados, los Data Engineer son los encargados de disponer la infraestructura y arquitectura para generarlos. Si bien comparten algunas competencias, el Data Scientist tiene habilidades específicas y fuertes en matemáticas y estadísticas que les permiten crear análisis avanzados mediante la aplicación de diferentes modelos, especialmente de machine learning e inteligencia artificial. En contraste el Data Engineer es hábil en el campo de la programación y la creación de soluciones de software. En este sentido se podría afirmar que el Engineer es el rol responsable de la preparación de los datos, para ser analizados por el Scientist. Sin embargo, es importante que estos dos roles cohabiten y es deseable que un profesional sea integral compartiendo habilidades de ambos lados de la orilla. Mientras un Data Scientist debe entender los problemas de negocio para realizar las preguntas correctas, es ideal que conozca de donde provienen los datos a ser explorados y tenga idea de cómo fueron obtenidos. En esta misma línea el Data Engineer debería ser capaz de entender esta misma dinámica, con el objeto de optimizar la infraestructura necesaria para disponer la data a ser explotada.  Se espera que el Data Scientist de línea sobre las diferentes formas de visualización e interpretación de los resultados, y que el Data Engineer disponga las estructuras, accesos y diferentes recursos para acceder a los datos, así como que también se encargue de su mantenimiento y eficiencia dentro del gran ecosistema de los datos. Se podría sugerir que en el inicio de un proyecto de análisis de datos los Data Engineer deben ser aquellos que construyan las bases y desarrollen la infraestructura para que los Data Scientist en una segunda etapa, realicen los análisis de acuerdo a la dinámica del negocio.;Ingeniería de sistemas;4;31;Uniminuto
El ingeniero de datos es un profesional dedicado principalmente a aportar orden en el ese caos absoluto que son los datos no estructurados. Así pues, podemos decir que desarrolla, construye, prueba y mantiene arquitecturas de almacenamiento y gestión de los mismos, como bases de datos y sistemas de procesamiento a gran escala. Los Ingenieros diseñan, desarrollan, testean y mantienen las ETLs, recogen los datos crudos, son los primeros en darle una limpieza y filtrado y sobre todo, se aseguran de que la arquitectura responda a las necesidades del negocio. Así pues, el ingeniero se enfrenta a múltiples problemas, como la ya mencionada falta de estructura, errores en dicha información. El ingeniero debe ser conocedor de todos los problemas que pueden arrastrar los datos, y debe ser capaz de detectarlos en todos los casos, de corregirlos cuando sea posible, y de descartarlos si no queda otra alternativa. El científico de datos, no es más que una persona que conjuga tres áreas de conocimiento como son las “matemáticas, estadística y algoritmia”, la “ingeniería del software” y la “comunicación de la información y resultados”. El científico de datos, a diferencia del ingeniero, no participa activamente en el proceso de adquisición y administración de los datos. Podemos decir que, cuando llegan a sus manos, ya han pasado por un proceso de “limpieza”, que garantiza su validez  y por lo tanto, el científico se dedicará a desarrollar sofisticados programas analíticos y sistemas de aprendizaje automático (Machine Learning y Deep Learning), así como métodos estadísticos para preparar datos para su uso en modelos predictivos y prescriptivos. Los Ingenieros vienen de la rama ingeniería, computación y programación mientras que los Científicos necesitan base de estadística, matemáticas, computación… Los Ingenieros, manejan Java, Hadoop, Sqoop, SQL… mientras que los Científicos, en un 85%-90% de los casos utilizan R y Python. En EEUU El sueldo medio para los Ingenieros es 124K y para los Científicos es 135K;Estadística;4;33;Nielsen
En términos de costo, SAS es un software comercial a diferencia de Python y R que son gratuitos. Sin embargo, las organizaciones privadas en muchos casos prefieren pagarlo debido a su gran soporte. De hecho, SAS tiene la mayor cuota del mercado, sin embargo, R y Python se acercan cada vez más. En cuanto al manejo de datos, los 3 han evolucionado muy bien incorporando herramientas como Hadoop y Spark. Si hablamos de capacidades de  visualización, R y Python han desarrollado herramientas como Ploty y Seaborn,  que permiten hacer gráficos de gran calidad y de manera fácil, de modo que en  este aspecto SAS ha quedado un poco rezagado. En términos de comunidad, R y Python tienen las más grandes, pero no tienen soporte de servicio al cliente por tratarse de lenguajes de código abierto, a diferencia de SAS que tiene un servicio a cliente dedicado para sus clientes. Si hablamos de Deep Learning, SAS aun esta en fase de desarrollo mientras que en Python tiene grandes avances en paquetes como TensorFlow, R por su parte, ha incorporado dichos paquetes, sin embargo, no son tan avanzados como los de Python.  Otra ventaja muy importante de Python es que este se usa ampliamente en desarrollo Web, lo que le permite generar sinergias cuando se trata de grandes entre distintas capas. En conclusión, la tendencia apunta a que R y Python le quitan mercado a SAS, sobre todo Python, quien toma ventaja cuando se quiere trabajar en proyectos end-to-end con un mismo lenguaje, y cuando se trata de proyectos de Deap Learning. Sin embargo, el uso de uno u otro lenguaje dependerá del rol y situación actual, los estadísticos prefieren R porque fue un lenguaje pensado para ello, mientras que los programadores se adaptan mejor a Python, y las grandes empresas prefieren confiar en un producto que les pueda brindar soporte de manera que puedan transferir riesgos.;Ingeniería de sistemas;2;30;Telefónica
Entre los programas más populares para realizar minería o data science se encuentran Python y R, ambos teniendo la facilidad de ser lenguajes de programación de código abierto, con una gran comunidad a nivel mundial dedicada a la creación de paquetes y expansiones para estos, los cuales aumentan el campo de acciones de cada programa para afrontar diversos retos. Sin embargo, existen diferencias importantes al momento de decidir cuál programa conviene usar. Por un lado, mientras que Python es un lenguaje de programación interpretado que hace énfasis en la simplicidad del lenguaje, y que permite la creación de cualquier herramienta de software al igual que cualquier otro lenguaje de programación como java y C++, R es un lenguaje de programación con un enfoque al análisis estadístico, y que requiere líneas de código más extensas para el desarrollo de tareas relativamente simples. Pero a pesar de que R es un programa enfocado a la estadística, Python tiene expansiones fácilmente instalables, tales como PANDAS o MUNPY que realizan casi cualquier operación estadística necesaria para el análisis de información. Además de lo anterior, dos puntos a favor de Python son: mayor facilidad de aprendizaje comparado con R, y que, al ser un lenguaje de programación puro, tiene mejor desempeño en campos que no sean meramente estadísticos.  En una encuesta realizada por KDnuggets en la que participaron partes pertenecientes a la comunidad de Data Science de todo el mundo, se muestra que la preferencia de Python aumentó en los últimos años, hasta ubicarse por encima de R en el 2017. Teniendo todo lo anterior en cuenta, se considera que Python es preferible sobre R para desarrollar actividades referentes al manejo de información. ;Economía;2;25;Servicio geológico colombiano
Existen diferencias significativas en el perfil del científico de datos frente al ingeniero de datos. Su principal diferencia radica en las funciones que realizan dentro de la estructura de los proyectos relacionados al análisis de datos en una empresa. Por un lado, el ingeniero de datos es la persona que se encarga de realizar los procesos relacionados a sistemas de adquisición, gestión y administración de datos de una empresa, dado su importancia en las fases iniciales de un proyecto de análisis de información, se podría decir que se encarga de la limpieza y la gestión de los datos, garantizando de esta forma que se tengan las herramientas adecuadas para el manejo de la información y el análisis de datos a través del tiempo con el fin de garantizar su integridad. Por otro lado, el científico de datos es la persona que se encarga de realizar el análisis de los datos procesados por el ingeniero de datos, dentro de sus funciones está el desarrollo de programas analíticos y sistemas de aprendizaje automático, para los cuales emplean métodos estadísticos con el fin de preparar los datos para análisis más profundos, los cuales tienen como principal resultado, proveer a la organización modelos predictivos y perspectivos los cuales ayudaran a la empresa a tomar decisiones menos riesgosas. Teniendo en cuenta lo anterior, el campo de acción de ambos puestos es vital para generar la correcta implementación de los proyectos analíticos dentro de la empresa, dado que el paso inicial antes de realizar un análisis profundo de los datos de una empresa, es establecer los parámetros para la gestión y el flujo normal de la información hacia las áreas de análisis, por lo cual se hace indispensable que se mantenga un flujo constante de comunicación entre ambos cargos.;Ingeniería industrial;2;25;Mullen lowe SSP3
Hoy en día, es común en las empresas y grandes organizaciones, encontrar que la función de Data Scientist y Data Engineer es normalmente confundida, se piensa que ambos términos se refieren a lo mismo, o que manejan las mismas habilidades y funciones, si bien es cierto ambos términos están relacionados, no son lo mismo y menos desarrollan las mismas funcionalidades, ambas funciones se complementan la una a la otra con el fin de proveer una mejor y más precisa interpretación de los datos, se puede hasta establecer un orden en que estas dos terminologías funcionan, según una publicación de MCPRO del 20 sep 2017, quien primero debe ejercer sus conocimientos sobre los datos es el Ingeniero de datos, quien se encargará de ordenarlos y estructurarlos, tanto asi que debe estar en la capacidad de generar e implementar arquitecturas que generen la confianza , eficiencia y calidad de los datos, claro está también debe tener la capacidad y habilidad para detectar, identificar y corregir todos los problemas que pueden tener los datos en caso que se pueda, o determinar si es necesario descartarlos al no haber otra alternativa. Posterior a esta inteligencia de validación de datos, sigue el trabajo del Data Scientist,  quien después de la “limpieza” de los datos hecha por el ingeniero, debe ejecutar la tarea de desarrollar programas analíticos y sistemas de aprendizaje automático de modo que preparen los datos para el uso en modelos predictivos y prescriptivos. Cada uno genera sus analisis y desarrollos con habilidades y herramientas puntuales, según post de CognitiveClass.ai del 6 de Jun 2016, para el ingeniero de datos las habilidades son: Hadoop, Hive, Data Streaming, SQL, entre otras y el uso de herramientas como DashDB, MySQL, MongoDB, Cassandra para el Científico, entre las habilidades estan: Python, R, Scala, Apache, Machine Learning, Deep Learning, Stadisicta etc, y como herramientas el uso de Data Science Experience, Jupyter y RStudio. Aunque la gestión de cada uno se puede interpretar como individual, es fundamental que ambos trabajen en conjunto para mantener discusiones constantes de los aspectos relacionados con los datos, con los procesos de negocio de la empresa es importante que tengan un canal de comunicación abierto de manera constante, no solo entre ellos sin también con los responsables del negocio.;Ingeniería de sistemas;4;29;Directv
Ingenieros de datos vs científicos de datos. Un ingeniero de datos está encargado de la infraestructura o arquitectura de los datos, es decir, crean el proceso de recolección, almacenamiento, enriquecimiento y procesamiento de los datos en tiempo real o por lotes de tiempo. Un científico de datos ejecuta análisis y crea modelos estadísticos para resolver necesidades del negocio. Por lo general los ingenieros de datos tienen estudios de pregrado en ciencias computacionales o alguna rama de la ingeniería, sin embargo, los científicos de datos pueden pertenecer a carreras como economía, estadística, investigación de operaciones, alguna rama de la ingeniería e incluso administración. Dentro de las responsabilidades de un ingeniero de datos están: desarrollar, probar y mantener la arquitectura de datos, en bases de datos y sistemas de procesamiento a gran escala, asegurar que la arquitectura soportará las necesidades del negocio, desarrollar nuevas formas de adquirir datos, mejorar la calidad y eficiencia de los datos, conectar todas las fuentes de datos para crear soluciones que se adapten al negocio. Mientras que un científico de datos se encarga de realizar investigaciones que responden preguntas de la industria o el negocio, realiza análisis de fuentes internas o externas de datos para contestar preguntas del negocio, desarrolla modelos estadísticos y de machine learning para crear soluciones predictivas y prescriptivas que mejoren el proceso de toma de decisiones dentro de las compañías, siempre esta en búsqueda de patrones en los datos, presenta sus descubrimientos a la empresa y automatiza el trabajo a través de modelos analíticos. Los ingenieros de datos tienen habilidades de programación más avanzadas que los científicos de datos, deben dominar lenguajes de programación como C#, Java, Scala, Python, etc, además deben tener conocimiento en bases de datos relacionales y no relacionales. Así mismo, los científicos de datos también emplean lenguajes de programación como R, Python, etc, para la construcción de soluciones analíticas pero en un nivel menos avanzado que los ingenieros de datos. Es importante destacar que los científicos de datos tienen habilidades analíticas mucho más avanzadas que los ingenieros de datos, debido a que emplean matemática y estadística avanzada, analítica avanzada, machine learning, inteligencia artificial para la construcción de sus modelos.;Administración de empresas;2;26;Mercadoni
La ciencia de datos ha evolucionado mucho a través de las últimas décadas obteniendo como uno de sus desarrollos más significativos los algoritmos de Machine Learning. Sin embargo, aunque los algoritmos de Machine Learning proporcionan un gran avance para el análisis predictivo de un conjunto de información presentan algunas deficiencias importantes que limitan la precisión de los resultados obtenidos: La construcción del Algoritmo de Machine Learning consiste en el entrenamiento de un sistema para que sea capaz de comprender el comportamiento de un conjunto de información, por lo necesita grandes cantidades de información (Datos) para su construcción en muchos de los casos las compañías no cuentan con el volumen de información necesario para garantizar el funcionamiento predictivo óptimo del algoritmo. Como el algoritmo de Machine Learning necesita grandes volúmenes de información es necesario un arduo y extenso proceso de limpieza y organización de la información, aunque en general no es un proceso complicado en muchas ocasiones consume una gran cantidad de tiempo y recursos. Los resultados generados por el Algoritmo de Machine Learning en la mayoría de las ocasiones generan predicciones más acertadas en comparación a otros métodos tradicionales de predicción, pero uno de los costos de este mayor grado de certeza en las predicciones es la pérdida de capacidad de interpretación de sus resultados. Como el resultado del algoritmo de Machine Learning es producto del proceso de “aprendizaje” de una inteligencia artificial es muy complejo interpretar la forma en que genera resultados. Cuando el algoritmo de Machine Learning es construido con base a un conjunto de información sesgada o con algún tipo de tendencia, el algoritmo generará resultados poco acertados a la realidad, el buen funcionamiento del algoritmo está condicionado a la calidad de la información es importante recopilar data de muchas fuentes.;Economía;2;24;Aon Benbenfield corredores de reaseguros
La diferencia entre un data scientist y un data engineer: En mi experiencia profesional, he podido tener contacto con perfiles que enfocan su experiencia profesional en alguna de los tres círculos expuestos en la primera clase del curso. Dependiendo de las habilidades que cada uno posea, se puede ser un experto en la parte ingenieril y dominar plenamente las herramientas y metodologías que corresponden a la extracción, transformación y carga (ETL por las siglas en inglés) de los datos o poseer los conocimientos básicos necesarios para entender el proceso anteriormente mencionado y adicionalmente saber aplicar herramientas estadísticas y matemáticas para luego contextualizarlos con las necesidades del negocio. Estas dos cualidades presentadas en perfiles diferentes son las que considero yo definen a un data engineer y un data scientist respectivamente. Es necesario identificar las necesidades de la empresa y el estado de la información que esta tiene para identificar si es necesario contratar un data scientist o un data engineer. Muchas veces tener primero una persona que no tenga pericia en conocer la arquitectura de los datos, la estructura de estos y su ubicación en los servidores de la compañía puede significar el desaprovechamiento de un data scientist que gastaría la mayoría de su tiempo en la adquisición de los datos, este trabajo fácilmente lo puede realizar una persona experta en ETL y quizás, en la mitad del tiempo que un data scientist lo haría. Finalmente, es importante resaltar que las diferencias entre los dos perfiles mencionados no tienen ninguna relación con la relevancia o importancia de uno sobre otro. Ambas personas son igual de importantes en un equipo de ciencia de datos, esto dado que la adquisición de los datos es vital para que los modelos o análisis que se desarrollen puedan arrojar conclusiones significativas para la empresa en general. ;Economía;2;24;Departamento nacional de planeación
Las diferencias de un científico de datos y un ingeniero de datos radican en responsabilidades, herramientas, perspectivas, salarios, recursos entre otras. Lo anterior, se da principalmente por sus roles dentro de la ciencia de datos. A continuación, se describirán algunas responsabilidades que tiene cada uno y las herramientas que utilizan para responder a ellas y lo cual termina repercutiendo en factores como su salario. El ingeniero de datos es un profesional que desarrolla, construye, prueba y mantiene la arquitectura de los datos, además de la gestión de las bases de datos no estructuradas y los sistemas de procesamiento a gran escala. Así mismo, deben recomendar e implementar alternativas para mejorar la confiabilidad, eficiencia y la calidad de los datos, los cuales pueden contener registros erróneos o con formatos desconocidos. Por lo anterior, se puede sintetizar que todo lo relacionado con los sistemas de adquisición, gestión, proceso y administración de datos debe pasar, de manera necesaria, por el ingeniero de datos. El científico de datos, a diferencia del ingeniero, no participa activamente en el proceso de adquisición y administración de los datos. Sino que por el contrario, un Científico de Datos limpia, explora y organiza grandes datos para comenzar a cargar en programas con un análisis sofisticado, automático y estadístico, que le permitan realizar análisis descriptivos para desarrollar modelos predictivos y prescriptivos con la finalidad de resolver una necesidad de negocio. Dentro de este proceso este profesional explora y examina los datos para encontrar patrones ocultos que sean significativos a la hora de su utilización. Así pues, el científico se dedicará a desarrollar programas sofisticados, analíticos y sistemas de aprendizaje automático (Machine Learning y Deep Learning), así como métodos estadísticos para preparar datos para su uso en modelos predictivos y prescriptivos. Por lo que, el científico de datos debe mantener una comunicación muy fluida con los responsables del negocio para conocer de forma profunda y detallada la operación y modelos del negocio y así saber con qué cuenta y cómo debe trabajarlo. Finalmente, con el análisis efectuado, procede a presentar los resultados obtenidos a los interesados del negocio, permitiéndoles generar la información eficiente y eficazmente. Por todo lo detallado anteriormente, se puede concluir que ambos profesionales utilizan como fuente los datos y que, aunque sus funciones dentro del manejo de los datos están especificadas, es sumamente importante que participen de manera conjunta con un canal de comunicación abierto y efectivo para que se compartan todos los aspectos relacionados con los datos, permitiéndoles así obtener datos más ciertos que puedan procesarse y brindar información predictiva sobre las decisiones críticas que deban tomar los interesados. Esto se puede evidenciar dentro del flujo de trabajo de la ciencia de datos ya que ambos participan en este pero en diferentes proporciones y enfoques, así: -       Entendimiento del negocio: este debe ser profundizado más por el científico de datos. -       Comprensión de Datos: este debe ser manejado por los dos en una mínima proporción mas por el ingeniero de datos. -       Importación de Datos: en este flujo quien más participa es el ingeniero de datos. -       Limpieza de Datos y Manipulación: este debe ser manejado por los dos en una mínima proporción -       Modelamiento estadístico y “Machine Learning”: este flujo recae sobre el científico de datos basado en matemáticas, estadística y algoritmia que le permitan desarrollar métodos analíticos novedosos y modelos de aprendizaje automático. Frente a las diferencias de las habilidades que maneja cada uno de estos profesionales se traduce en diferencias en idiomas, herramientas y software que estos utilizan. Se podría establecer que un ingeniero de datos trabaja con herramientas como SAP, Oracle, Cassandra, MySQL, Redis, Riak, PostgreSQL, MongoDB entre otras para el modelado de datos y la configuración del almacén de datos. Por el contrario, el científico de datos utiliza lenguajes como SPSS, R, Python, Jupyter, SAS, Stata, entre otros que le permiten construir modelos.;Economía;2;30;Banco de la república
Las diferencias de un científico de datos y un ingeniero de datos: El ingeniero de datos se encarga de la arquitectura de la información, siendo así una de sus principales responsabilidades el ordenamiento de datos no estructurados y teniendo a su cargo otras labores como construcción, desarrollo, mantenimiento de arquitecturas de almacenamiento. El ingeniero aparte de lo anterior es el encargado de todo lo relacionado con los sistemas de adquisición, gestión, proceso y administración de datos, deber llevar a cabo procesos de depuración de información, siendo el encargado de detectar problemas de calidad de la información y a su vez debe brindar herramientas que ayuden a garantizar la calidad de la información y la corrección de la misma cuando presente inconsistencias o en otro caso desechar la información que cause mucho ruido por su falta de validez. También es responsabilidad del ingeniero emplear diversos lenguajes y herramientas que logren la integración de información de muchas fuentes y sistemas a sus diferentes arquitecturas de modo tal que sean añadidas a sus arquitecturas para posteriormente ser utilizadas con fines del negocio en el cual se desempeñe. Para esto los ingenieros habitualmente trabajan con herramientas como Hadoop, MapReduce, Hive, Pig, Data streaming, NoSQL, SQL y programación. Y usará herramientas como DashDB, MySQL, MongoDB y Cassandra. El científico por su parte, posterior a recibir la información depurada se encargará del desarrollo de programas analíticos sofisticados y sistemas de aprendizaje automático (Machine Learning y Deep Learning), así como también usará la información para desarrollo de modelos estadísticos predictivos y prescriptivos. Es bueno aclarar que debe existir total comunicación entre el ingeniero de datos, los responsables del negocio de la compañía y el científico de datos. Esto, en pro de conocimiento más amplio del negocio por parte del científico, conocimiento profundo de la información recolectada, transformada y depurada así como también enfoque de los modelos que se desarrollarán para ser capaz de detectar posibilidades relacionadas con los mismos. Al integrar los encargados del negocio lograrán entender la base del funcionamiento de los modelos creados y podrán establecer objetivos que se puedan obtener a partir de los datos. Las herramientas más comunes de un científico de datos son conocimoentos en Python, R, Scala, Apache Spark, Hadoop, machine learning, deep learning y estadística. Tener amplio conocimiento con herramientas como Data Science Experience, Jupyter y RStudio.;Estadística;2;34;Icfes
Limitaciones de los algoritmos de machine learning. Los algoritmos de machine learning buscan predecir un resultado y/o encontrar patrones en conjuntos de datos. Se denomina Clasificación Supervisada a los algoritmos que buscan predecir eventos discretos futuros a partir de datos conocidos, uno de los principales obstáculos para algoritmos supervisados radica en que la información debe estar marcada, categorizada o etiquetada, esto significa que en la práctica se debe tener una variable de respuesta observada. Tener los datos marcados puede llegar a generar cargas operativas muy altas, además, el proceso de clasificación es propenso a errores humanos y por ende disminuye la calidad y usabilidad de la información. Otra limitación está atada a la obtención de la información, estos modelos requieren grandes cantidades de datos para poder enfrentar la etapa de entrenamiento y así desarrollar un modelo robusto, aunque depende del problema y la aplicación la obtención de datos llega a ser una limitación. El desarrollo observado en este campo en los últimos años ha dejado en evidencia que no hay suficientes profesionales capacitados y entrenados para enfrentar estos algoritmos, hace falta un par de años para alcanzar un número adecuado de personas con las habilidades necesarias para diseñar e implementar modelos de Machine Learning, en este momento las universidades y academias se han percatado del problema y están cambiando sus currículos y profundizaciones para no quedarse atrás en el mercado. Naturalmente existen expertos y profesionales de Machine Learning pero no son tantos como los que la industria necesita. Por último, mencionamos tal vez una de las dificultades más importantes para el pleno desarrollo de estos algoritmos y es la dificultad de explicar cómo estos modelos llegan a los resultados, para muchos gerentes aceptar estas teorías es aumentar la exposición al riesgo.;Ingeniería industrial;2;26;Banco de Bogotá
Los algoritmos de Machine Learning tienen como objetivo principal encontrar la mejor solucion y resolverlo de la forma más eficiente, el principal problema de este tipo de algoritmos es que se comportan como una caja negra, en el que si bien, los resultados tendrán un nivel de predicción muy alto, no hay manera sencilla de interpretar sus resultados en cuanto a las variables explicativas utilizadas y sus relaciones con la variable explicada. Esta dificultad se ve ejemplificada en los algoritmos de tipo Random Forest: de por sí, ya es difícil interpretar los resultados de un solo árbol de decisión, en un bosque aleatorio de árboles de decisión (random forest), que se trata de la agregación aleatoria de los resultados de múltiples arboles de decisión, los resultados se tornan imposibles de interpretar. En cambio, la estadística tradicional, ejemplificada bajo la regresión logística, permite una gran interpretabilidad en cuanto a las relaciones de las variables, ya que se obtienen resultados cuantitativos entre el cambio porcentual en la tasa de incidencia al tener un cambio marginal sobre alguna de las variables explicativas. En los casos de los problemas de clasificación supervisados, queda en manos del analista decidir que es más conveniente, si utilizar una metodología que le permita hacer mejores predicciones (en cuanto a los indicadores de precisión y recall) o utilizar una metodología que le permita entender las relaciones (efectos marginales) entre las variables explicativas y la variable a predecir.;Ingeniería industrial;2;26;Rollup consulting sa
Los data scientist y data engineers están embebidos en el mismo mundo: los datos. Sin embargo, el scope y responsabilidades de cada uno son distintos, así como las herramientas, lenguajes de programación y necesidad interpretativa. Lo más importante es entender que los dos son necesarios en cualquier organización que pretenda hacer buen uso de los datos que tiene a su disposición. En general, el Data engineer es el encargado de diseñar, construir y mantener la arquitectura para soportar la adquisición y custodia de los datos. Esto incluye bases de datos y sistemas de procesamiento de datos a gran escala. Es como imaginar un edificio en obra gris, es quien da la estructura. Por otro lado, el Data Scientist es el que limpia, organiza y realiza operaciones alrededor de estos datos. Ejecuta análisis de estadísticas descriptivas, insights y crea modelos para responder preguntas específica del negocio. Es como los terminados de un edificio, es el que le da el sentido y la intención a la estructura. Según Glassdoor, el average annual base pay para un Data Scientist es US 140K (101-183K) mientras para un Data Engineer es US 151K (123-170K). Solo por contexto, para un Data Analyst es de 83K. Entre los dos primeros parece no haber mucha diferencia ya que estos dos comparten habilidades de computer science. Sin embargo, un Data Analyst, cuya labor se reduce, en muchos casos, al reporte de los datos, tiene una compensación menor. Esto puede deberse a que DS y DE genera mayor valor para las organizaciones modernas. No es cuestión de tener datos y presentarlos, es de tener buenos datos, accesibles, confiables y poder analizar, operarlos, modelarlos y presentarlos de forma que sean relevantes.;Ingeniería industrial;2;25;Uber
Los ingenieros de datos tienen como responsabilidad llevar a cabo el diseño e implementación de los modelos persistencia e integración de datos en la capa de nivel lógico, así como también el diseño de la infraestructura a nivel de la capa física, procurando por el mejoramiento de la calidad de la información y habilitando el acceso a los datos de acuerdo con los niveles de disponibilidad y seguridad requeridos por las organizaciones y grupos interesados, también proveen las herramientas que facilitan el análisis de la información y se encargan principalmente de administrar bases de datos, construcción de complejos procesos en batch, integración en tiempo real y administración de procesos automatizados. Por otra parte, el trabajo de los científicos de datos está enfocado en entender y extraer información importante de esos datos, con el fin de brindar a los interesados mejor información para la toma de decisiones, los científicos de datos logran este cometido a través del uso de diferentes técnicas o algoritmos matemáticos avanzados y análisis estadístico que son ejecutados o procesados mediante lenguajes como Python, R o Julia entre otros, y software especializado como SPSS o SAS. Los científicos de datos interactúan con la infraestructura lógica implementada y mantenida por los ingenieros de datos y si bien ninguno de los dos profesionales depende el uno del otro para realizar su trabajo, en la implementación de modelos sostenibles y automatizados es necesario la participación de los dos puesto que cada una de ellos cumple un rol importante en el procesos de extracción, transformación, almacenamiento, disponibilización y análisis de los datos para brindar a las organizaciones modelos que permitan aprovechar de forma sistemática el capital de la información, generando valor a quienes son los encargados de la toma de decisiones.;Ingeniería de sistemas;2;30;Ernst & young
"Machine Learning es un método de análisis de información que permite automatizar modelos. De esta manera los sistemas pueden aprender de los datos proporcionados para identificar patrones y tomar decisiones. Sin embargo, aún existen varios retos y limitaciones en los algoritmos de Machine Learning. Por ejemplo, se requieren grandes bases de datos para llevar a cabo la traducción de la información y convertirla en un buen output para tomar decisiones, hace falta simplificar los algoritmos con el fin de que se puedan tomar decisiones con menos información. Por otro lado, la parcialidad que puede presentar el ""aprendizaje"" si no se provee un buen conjunto de datos puede presentar un gran problema. Cuando los datos no son neutrales, los resultados no van a ser neutrales. Los algoritmos de Machine Learning no tienen la habilidad de discriminar estos tipos de errores por lo que es muy posible que se tomen decisiones erradas. Además, los sistemas de Machine Learning no entienden los contextos y no siempre pueden dar las razones por las cuales tomó una decisión u otra. Esto limita la toma de decisiones y hace necesaria la intervención humana para eliminar estas fallas no intencionales. También es improbable para los algoritmos contribuir a un propósito diferente para los que fueron creados. Es muy difícil trasferir los aprendizajes a otras circunstancias por lo que no puede ser usado en problemas dinámicos y requiere que las organizaciones tengan que reentrenar los modelos cuando hay cambios en las condiciones y las situaciones. Los algoritmos no pueden, entonces llegar a conclusiones que dominen dos áreas al tiempo y le falta inteligencia para actuar inteligentemente en situaciones comunes. En conclusión, se ha avanzado en los algoritmos de Machine Learning y es una herramienta muy poderosa en muchas áreas, pero aún falta evolucionar en algunos aspectos para mejorar la “inteligencia” de los procesos con el fin de que se puedan tomar mejores decisiones.";Economía;2;27;Avianca
Para la mayoría de las personas son roles que tienen mucho en común y probablemente no distingan entre una disciplina y otra. Sin embargo los dos mantienen una estrecha relación cliente proveedor y cumplen funciones completamente complementarias son dos eslabones distintos en la cadena de valor de la ciencia de datos. Por un lado el ingeniero de datos posee grandes habilidades en el manejo de los sistemas transaccionales, los modelos de datos, la infraestructura y las bases de datos de la organización. Es diestro interconectando sistemas y máquinas, fuerte en el desarrollo de procesos de extracción, transformación y carga de información, entiende y aplica las reglas de negocio para traducirlas en códigos que mueven y normalizan los datos de tal forma que queden disponibles en forma y tiempo e incluso en un lenguaje entendible para sus clientes y usuarios. El siguiente eslabón del proceso está protagonizado por el data scientist, un profesional que cuenta con tres habilidades básicas: el domino de los sistemas de información y las herramientas computacionales, la fundamentación matemática en el área de la estadística y el conocimiento del negocio, con estas fortalezas es capaz de desarrollar modelos descriptivos, predictivos y prospectivos, con validez estadística y aterrizados al contexto del negocio. En conclusión, estos dos roles son fundamentales para el desarrollo y despliegue de soluciones analíticas a mediana y gran escala, los dos papeles no compiten por tareas y tienen perímetros claramente definidos. Su trabajo en equipo y permanente comunicación son necesarios para el éxito de cualquier proyecto en Analytics pues deben garantizar desde una extracción y tratamiento eficiente de la data hasta la extracción de insigths de valor presentados de forma ejecutiva y agradable, que orienten de forma eficaz el rumbo de la compañía y el negocio.;Ingeniería electrónica;2;41;Movistar
Pese a que la ciencia de datos y la ingeniería de datos comparten áreas del conocimiento, existen algunas diferencias que separan el campo de acción de ambas. Por una parte, los ingenieros de datos tienen como enfoque el diseño, construcción, desarrollo e integración de bases de datos, teniendo así mayor interés en la arquitectura, el mantenimiento y el control de los sistemas de información, por lo que tienen mayor fortaleza en programación. En cambio, los científicos de datos se enfocan en el uso de los datos con el fin de encontrar valor en ellos y así poder responder preguntas de negocio, en ese sentido deben tener mayor fortaleza en el entendimiento del negocio, técnicas de análisis avanzado, construcción de modelos, desarrollo de algoritmos, visualización de la información, todo esto con el fin de inferir comportamientos, interpretar patrones y así derivar conclusiones de los hallazgos que tengan sentido. Otro factor que permite diferenciar el rol de ambos es el uso de los programas para el desarrollo de sus actividades, siendo SQL, Java, Linux, Oracle, entre otros, los programas más utilizados por los ingenieros de datos mientras que los científicos de datos están más inclinados al uso de programas tales como SPSS, Stata, R o Python, siendo estos dos últimos los más utilizados en esta área de conocimiento. Otro aspecto clave que los diferencia es el cliente a quien reportan, generalmente los científicos de datos reportan sus hallazgos o trabajo a clientes internos involucrados de manera directa con el negocio, mientras que los ingenieros de datos son, en la mayoría de los casos, proveedores de información para interesados en hacer algún proceso con ellos y obtener información. De esta manera, los científicos de datos suelen ser clientes de los ingenieros de datos, pero no pasa mucho al revés. ;Economía;2;24;Comestibles ricos sa
Por un  lado los ingenieros de datos se centran en la construcción de infraestructura y arquitectura para la generación de datos. Por otra parte, los científicos de datos se centran en las matemáticas avanzadas y el análisis estadístico de los datos generados. Los científicos de datos, encargados de realizar investigaciones de alto nivel en el mercado y las operaciones comerciales para identificar tendencias y relaciones, cosas que requieren que usen una variedad de máquinas sofisticadas y métodos para interactuar con los datos y actuar sobre ellos. En contraste, los ingenieros de datos trabajan para respaldar a los analistas y analistas de datos, brindando infraestructura y herramientas que pueden usarse para brindar soluciones de extremo a extremo a los problemas comerciales. Los ingenieros de datos construyen una infraestructura escalable y de alto rendimiento para brindar información empresarial clara de fuentes de datos en bruto implementar proyectos analíticos complejos con un enfoque en la recopilación, gestión, análisis y visualización de datos y desarrollar soluciones analíticas por lotes y en tiempo real. En pocas palabras, los científicos de datos dependen de los ingenieros de datos. Mientras que los científicos de datos tienden a trabajar en herramientas de análisis avanzadas como R, SPSS, Hadoop y modelos estadísticos avanzados, los ingenieros de datos se centran en los productos que respaldan esas herramientas. Por ejemplo, el arsenal de un ingeniero de datos puede incluir SQL, MySQL, NoSQL, Cassandra y otros servicios de organización de datos.;Ingeniería de sistemas;4;27;Heel Colombia
Python vs R Analytics ha tenido una tendencia exponencial los últimos años, a través del tiempo ha logrado inmiscuirse en una gran variedad de industrias que van desde finanzas, medios, política hasta salud. La importancia de la recolección, organización e interpretación de los datos con el propósito de hacer de estos una herramienta estratégica que genere valor y sea una ventaja competitiva, se ha venido viendo como una necesidad sobre las mesas de trabajo de muchas compañías. Las crecientes ofertas académicas en ciencia de la información y los adeptos que día a día gana el analytics también sustentan el crecimiento de esta tendencia. Para entrar al mundo del analytics, es indispensable facilitar el manejo de la información. Aunque existen varias herramientas computacionales que actualmente le permiten al científico de datos administrar la información de manera eficiente, la adopción de tecnologías de código abierto han pasado a dominar el mercado. Las más conocidas y usadas hoy son R y Python, aunque es difícil elegir un lenguaje para el análisis de datos, intentaré exponer generalmente algunos pros y contras para que cada analista escoja la mejor opción que dependerá del foco de su trabajo, ya que el primer filtro de costo, deja de ser relevante en este ambiente ya que ambos son gratuitos y de código abierto. En términos generales, R se enfoca en un lenguaje estadístico mientras que Python se define como un lenguaje multipropósito. Lo más relevante de Python es que ofrece notebooks que facilitan el trabajo, ya que estos se pueden compartir fácilmente sin necesidad de ningún tipo de instalación, además de esto permiten ver el flujo de trabajo que se hizo para obtener un resultado, por lo cual se tiene toda la trazabilidad de la información, aunque esta se haya construido de manera compartida. Por último, aunque se defina Python como un lenguaje fácil e intuitivo, a los no programadores se nos dificulta iniciar con este debido a su tecnicidad. De otro lado esta R, que ofrece un gran ecosistema de paquetes que te permiten hacen casi cualquier tipo de transformación y aprovechamiento de los datos, pero esto trae consigo que la curva de aprendizaje sea más lenta ya que el disponer de tantas opciones dificulta incluso encontrar paquetes si no se está familiarizado con ellos. En conclusión, ambas herramientas han venido creciendo a través del tiempo y me atrevería a decir que además de ser las más populares, se han posicionado como lenguajes que unen continentes bajo un mismo idioma. Por lo cual, si hoy te encuentras en la indecisión de cual usar, ten en cuenta en que te quieres enfocar y la trazabilidad de la información que deseas tener. Al final, cualquier de los dos caminos será una buena decisión.;Ingeniería de mercados;2;23;SKBERGE Colombia
Python vs R para análisis de datos. A pesar de que ambos lenguajes son bastante robustos para el análisis de datos existen algunas diferencias o más bien preferencias particulares por parte de cada uno de los usuarios. En mi opinión y a pesar de que soy relativamente nuevo usando estos lenguajes, actualmente las diferencias en cuanto a capacidad de procesamiento de datos, gráficos que se puedan generar, funciones que se puedan utilizar, etc., son mínimas entre ambos lenguajes. La preferencia de uno u otro lenguaje, pienso puede ser más orientada a que tan amigable es su entorno de trabajo y que tan organizado o estructurado puede ser un proyecto en el lenguaje escogido, que tan rápido se pueden llegar a ejecutar las líneas de código, que tantas librerías o complementos debo utilizar para hacer un análisis, que tanta documentación exista y que tan fácil de aprender sea este lenguaje. Por mi parte prefiero utilizar Python porque me parece un poco más fácil de comprender, en ocasiones se percibe que ejecuta las líneas de código más rápido que en R, siento que debo utilizar menos librerías y aunque en ambos puedo utilizar un markdown, percibo que en Python puedo organizar mejor un script o un proyecto y es mucho más versátil al generar un dashboard o una página web para interactuar con el usuario final. Los gráficos que se pueden generar y aunque son muy similares pienso que en Python se ven un poco mejor y la interacción entre el resultado final o herramienta y el analista es muy importante para llegar a comprender algunos comportamientos, R no está diseñado para generar herramientas interactivas solo para analizar datos y Python lo puedo utilizar para estas y muchas otras funcionalidades.  Finalmente sigo pensando que pueden ser percepciones del usuario final y que de repente es posible utilizar lo mejor de cada uno de ellos o llegar a integrarlos para generar algunas eficiencias.;Ingeniería de telecomunicaciones;2;31;Codensa sa esp
Python vs R vs SAS for Data Science. Cuando se realizan labores de analítica de datos es difícil tomar una decisión sobre que lenguaje se debería utilizar para desarrollar los análisis, ya que hay muchas dimensiones desde las cuales tomar en cuenta el problema como la facilidad de entender el código, el tiempo, entre otros y cada uno de los lenguajes tiene sus ventajas respecto a otros. En cuanto a la facilidad que tiene aprender cada lenguaje es posible que Python y SAS sean más sencillos que R de aprender, en primer lugar, Python es un lenguaje que tiene una sintaxis más intuitiva y tiene a diferencia de R librerías más amigables para desarrollar tareas similares. Otro de los puntos que puede ser importante es el costo que tienen las herramientas asociadas a los lenguajes, esto es algo que puede impactar directamente la disponibilidad de los recursos para aprender y mejorar las habilidades en el lenguaje en el caso de SAS es un software de uso comercial con costos asociados mientras que R y Python no tienen ningún costo, algo que puede facilitar mucho el aprendizaje en estas herramientas. En cuanto a la comunicación de los análisis desarrollados sobretodo en el ámbito descriptivo se debe analizar las capacidades graficas que brinda cada uno de los lenguajes, en este punto R puede ser la herramienta más fuerte ya que dispone de algunos paquetes más robustos que los disponibles en Python y SAS. Finalmente, si se quiere pasar algún algoritmo a producción para obtener resultados de manera recurrente las áreas encargadas de esto seguramente no vean tan fácil la implementación de un algoritmo que se encuentre en un lenguaje diferente a Python, como conclusión la elección del lenguaje depende mucho de las preferencias y necesidades analíticas que se tenga;Ingeniería eléctrica;2;24;Empresa de energía del Quindio
Python vs Stata. Analizar información es un proceso necesario para la toma de decisiones y esto se puede realizar bajo la sombrilla de diferentes programas, cada uno de los cuales cuenta con diferentes ventajas y a la vez desventajas, dependiendo del objetivo final del proceso. A medida que avanza la curiosidad, también avanza la necesidad de escalar las operaciones que se desarrollan en los diferentes programas y es ahí donde se empiezan a marcar las grandes diferencias entre dichos programas un claro ejemplo es lo que se puede ver entre Stata y Python, siendo el primero un programa que brinda una interfaz de usuario cómoda con una serie de ventajas para quien intenta por primera vez darle forma a análisis estadísticos interesantes y empezar a manejar un volúmen de información decente, pero no realmente grande, lo anterior se ve reflejada en el hecho de que es un programa pago, pero cuenta con una serie de limitantes en términos de conectividad con otras plataformas, capacidad para el manejo de grandes bases de datos y rigidez en sus comandos que no permiten una desarrollo libre y profundo de las habilidades que día a día se aprenden para analizar información. En cambio Python ofrece un panorama muy distinto, siendo este un programa de código abierto y gratuito, el manejo de los datos para su análisis depende por completo de los conocimientos en programación con los que cuente el analista, esto permite una escalabilidad mayor de los procesos y una flexibilidad completa en el análisis mismo, que se va llevando acorde a las necesidades del caso por otro lado, la conectividad Python con diferentes plataformas permite aprovechar funcionalidades de diferentes programas y, a su vez, crear funciones inexistentes que cumplan con nuestro cometido. Sin negar que Stata cuenta con un paquete de operaciones estadísticas interesantes, Python cuenta con una serie de librerías que van mucho más allá de lo que su contraparte nos ofrece, teniendo en cuenta que la red de colaboradores hace cada vez más grandes estos paquetes, por lo tanto más funcionales.;Economía;2;25;Secretaría de la mujer y equidad de género
Siendo dos grandes software's de analítica los dos son de mi gusto personal, por formación profesional en mi pregrado de Estadística, he usado ampliamente R y tan sólo empecé a utilizar phyton en la formación de Master que estoy cursando. Pero a pesar de ser tan corto el tiempo en que he usado este software, debo decir con honestidad que me inclimo por Phyton. 64 Mi comparación se centra en unos aspectos básicos: - Curva de aprendizaje. Python tiene una reputación de ser fácil de aprender. Con una sintaxis legible, Python es ideal para principiantes o para científicos de datos que desean adquirir conocimiento en este lenguaje. - Versatilidad. Como un lenguaje de propósito general, Python es una herramienta rápida y potente que tiene mucha capacidad. No importa cual sea el problema que quieras resolver, Python puede ayudarte a realizar la tarea, esto gracias a la gran cantidad de librerías con las que cuenta. - Construcción de herramientas de análisis. R y Python son bastante buenos si desea analizar un conjunto de datos, pero cuando se trata de construir un servicio web para que otros utilicen los métodos desarrollados, Python es el camino a seguir. - Python es mejor para Deep Learning. hay muchos paquetes, como Theano, Keras y TensorFlow, que hacen que sea realmente fácil crear redes neuronales profundas con Python, y aunque algunos de estos paquetes están siendo portados a R, el soporte disponible en Python es muy superior. - Integrabilidad. Python se integra facilmente con aplicaciones como MongoDB (base de datos no relacional), Hadoop o Pentaho Por otro lado R, un lenguaje de programación de código abierto creado con el objetivo de mejorar la visualización y análisis de datos ofrecidas previamente por S, tiene un enfoque más orientado al análisis estadístico, lo que lo hacen muy útil para la minería de datos. Es también multiparadigma, orientado a objetos, vectorial y multiplataforma,  y al igual que Python tiene una gran comunidad de desarrolladores detrás, que lo mejoran y enriquecen continuamente y más ahora que Python está en un boom en que las personas dedicadas al análisis de datos y las compañías se han dado cuenta de lo fácil y útil que es utilizar Python.;Estadística;2;33;Campus BBVA
Un ingeniero de datos es la persona que se encarga de la infraestructura para el análisis de datos, los cuales llegan a él sin formato, pueden contener errores o códigos específicos, son datos sin procesar. A través de soluciones de software alineadas con tecnologías para el manejo de grandes cantidades de datos (Big Data), crea, diseña e integra diferentes recursos, volviendo eficiente y accesible la información con las herramientas adecuadas para la explotación de la misama. Adicional a esto, tiene los skills de desarrollo suficientes para participar en el modelamiento de los datos junto con el almacenamiento de estos. Trabajan para respaldar a los analistas y científicos de datos con infraestructura de alto rendimiento, con información clara y en algunos casos en tiempo real.  Algunas de las herramientas con las que trabaja el ingeniero de datos son: Haddop, MySQL , Oracle ,SAP, Java, Scala, Python, Cassandra, Redis, Riak, y muchas otros medios relacionados con datos distribuidos, bases de datos columnares y fuentes exógenas que puedan enriquecer lo modelos analíticos mediante APIs y ETLs. El científico de datos por su parte realiza a través de métodos y programas de análisis estadístico, predictivo y prescriptivo la manipulación, organización y preparación de los datos, que de forma automatizada debe responder a las necesidades y exigencias del cliente. Se puede ver como un intermediario ya que a través de los datos suministrados por el ingeniero de datos, provee al cliente la información que necesita para resolver problemas empresariales, identificar tendencias y relaciones, encontrando patrones ocultos a través del examen y exploración de los datos e investigación de la industria. Utilizan lenguajes como SPSS, R, Python, SAS, Stata y Julia, Data ScienceExperience , Jupyter , y RStudio. El enfoque de un científico de datos es más del negocio, orientado a responder preguntas relevantes dentro de su organización, sosteniendo su aporte en modelos matemáticos u estadísticos. Ambos perfiles con claves dentro de una organización se complementan y deberían generar sinergias en aras de la creación de valor dentro de las compañías.;Ingeniería electrónica;2;28;Colombia telecomunicaciones sa esp
Un ingeniero de datos es quien se encarga de las fases de extracción, transformación y carga sobre la arquitectura de un sistema de información, mientras un científico de datos se encarga del análisis de la información buscando abarcar todos los grados de madurez de inteligencia analítica (modelos descriptivos, predictivos y prescriptivos). Aunque un ingeniero de datos realiza un proceso de limpieza y transformación preliminar sobre los datos, este solo es válido como insumo para un análisis inicial pero no para la definición de un modelo estadístico, puesto que el ingeniero solo hace un tratamiento de missing values (valores nulos, vacíos o sin integridad referencial, en el caso de data estructurada) pero no identifica la significancia de una variable sobre un modelo. En los dos perfiles es necesario conocer la industria y el negocio, de manera que puedan identificar las fuentes relevantes para el modelo de información, en el caso del ingeniero, y las preguntas que el negocio necesita resolver, en el caso de los científicos. Para una empresa que inicia en el campo de la analítica es recomendable comenzar con un ingeniero de datos y posteriormente, después de un proceso de maduración, recurrir a un científico de datos. Antes de elegir uno u otro una compañía debe tener claro en qué posición se encuentra dentro de la curva de madurez analítica. El no conocer su posición puede resultar costoso para la compañía, no solo por el uso de recursos que aportaran poco (no por falta de conocimiento, sino por la madurez de la misma), sino por la inversión en herramientas (software y hardware), el cual no podrá ser aprovechado debido a que no se cuentan con las bases sólidas para la construcción de modelos estadísticos. Entendiendo por base sólida la oportunidad y calidad de los datos la cual se logra en compañías con gobierno de TI.;Ingeniería electrónica;2;33;RBM Redeban multicolor sa
Uno de los criterios más importantes en la selección de un lenguaje de programación, es el desempeño de éste en el procesamiento de datos, sobre todo cuando es usado en el  análisis de grandes volúmenes de información. Por esta razón, para el presente taller he implementado un ejercicio en el que se compara el tiempo de cargue de un archivo texto con once millones de registros a una estructura tipo dataframe en lenguaje R, con el tiempo de cargue del mismo archivo a una estructura tipo dataframe en lenguaje Python, usando la librería PANDAS (Python Data Analysis Library). A pesar de realizar el ejercicio en la misma plataforma computacional (PC Toshiba, procesador Intel Core I7 con 12 Gb de memoria RAM), se evidencia una gran diferencia en el tiempo de cargue entre los dos lenguajes, observando que el tiempo promedio de cargue en R fue de 65 segundos, mientras que el tiempo promedio de cargue en Python fue de 12 segundos. No obstante, los resultados anteriores al tener el dataframe creado en cada uno de los lenguajes evaluados y comparar los tiempos de procesamiento con operaciones básicas de estadística descriptiva (función describe en Python vs summary en R), se encontró que Python arrojó los resultados en 6 segundos mientras que R arrojó los resultados en 0.7 segundos. En conclusión, el anterior experimento no es determinante al momento de decidir entre uno de estos dos lenguajes, toda vez que es necesario complementar con otros criterios como son el soporte, las librerías existentes y editores de código disponibles, criterio en el que Python ofrece ventajas en su arquitectura al ser un lenguaje de propósito general en el que se pueden crear proyectos robustos no solo de analítica de datos si no también aplicaciones integradas, desarrollo de juegos, etc.;Ingeniería de sistemas;4;46;ETB
tes;Ingeniería industrial;2;30;Universidad de los andes
test;Estadística;2;27;Aseguradora solidaria de Colombia
